RGB,HEX,English
190-189-127,#BEBD7F,Green beige
194-176-120,#C2B078,Beige
198-166-100,#C6A664,Sand yellow
229-190-001,#E5BE01,Signal yellow
205-164-052,#CDA434,Golden yellow
169-131-007,#A98307,Honey yellow
228-160-016,#E4A010,Maize yellow
220-156-000,#DC9D00,Daffodil yellow
138-102-066,#8A6642,Brown beige
199-180-070,#C7B446,Lemon yellow
234-230-202,#EAE6CA,Oyster white
225-204-079,#E1CC4F,Ivory
230-214-144,#E6D690,Light ivory
237-255-033,#EDFF21,Sulfur yellow
245-208-051,#F5D033,Saffron yellow
248-243-053,#F8F32B,Zinc yellow
158-151-100,#9E9764,Grey beige
153-153-080,#999950,Olive yellow
250-210-001,#FAD201,Traffic yellow
